combo,preset,task,metric,N,score
Simplicial+Leiden,RecurrenceClustering,discrete,ARI,4,0.5595
Simplicial+Leiden,RecurrenceClustering,discrete,ARI,8,0.7053
Simplicial+Leiden,RecurrenceClustering,discrete,ARI,16,0.5277
Simplicial+Fiedler,RecurrenceManifold,continuous,|spearman|,4,0.792
Simplicial+Fiedler,RecurrenceManifold,continuous,|spearman|,8,0.811
Simplicial+Fiedler,RecurrenceManifold,continuous,|spearman|,16,0.819
ExpKernel+Leiden,,discrete,ARI,4,0.8911
ExpKernel+Leiden,,discrete,ARI,8,0.9735
ExpKernel+Leiden,,discrete,ARI,16,0.9779
ExpKernel+Fiedler,,continuous,|spearman|,4,0.5622
ExpKernel+Fiedler,,continuous,|spearman|,8,0.7188
ExpKernel+Fiedler,,continuous,|spearman|,16,0.7369
ExpKernel+UnionFind,ClassicalRecurrenceClustering,discrete,ARI,4,0.0
ExpKernel+UnionFind,ClassicalRecurrenceClustering,discrete,ARI,8,0.0002
ExpKernel+UnionFind,ClassicalRecurrenceClustering,discrete,ARI,16,0.0015
CommonNbr+Fiedler,,continuous,|spearman|,4,0.0586
CommonNbr+Fiedler,,continuous,|spearman|,8,0.0586
CommonNbr+Fiedler,,continuous,|spearman|,16,0.0586
CommonNbr+Isomap,HirataNomuraIsomap,continuous,|spearman|,4,0.0384
CommonNbr+Isomap,HirataNomuraIsomap,continuous,|spearman|,8,0.0348
CommonNbr+Isomap,HirataNomuraIsomap,continuous,|spearman|,16,0.0457
Simplicial+UnionFind,,discrete,ARI,4,0.0
Simplicial+UnionFind,,discrete,ARI,8,0.0
Simplicial+UnionFind,,discrete,ARI,16,0.0
